<beans xmlns="http://www.springframework.org/schema/beans"
	xmlns:xsi="http://www.w3.org/2001/XMLSchema-instance"
	xmlns:context="http://www.springframework.org/schema/context"
	xsi:schemaLocation="http://www.springframework.org/schema/beans
    http://www.springframework.org/schema/beans/spring-beans-3.0.xsd
    http://www.springframework.org/schema/context
    http://www.springframework.org/schema/context/spring-context-3.0.xsd">
<!-- product pro=new Product()-->
	<bean class="com.ericsson.Product" id="pro" autowire="byType">
		<!--<property name="productCategory" ref="category"></property>-->
		<!--<constructor-arg name="productCategory" ref="category"></constructor-arg>-->
	</bean>
	
<!-- Category category=new Category()  productCategory-->
	<bean class="com.ericsson.Category" id="x"></bean>
	
	
	
	

</beans>





